=== Page 1 ===

Sites Déficitaires ENEDIS - MAJ 01/01/2025
Code postal ENTITES Commune
68130 DR AFC ALTKIRCH
63600 DR AUVERGNE AMBERT
44150 DR PDL ANCENIS
74100 DR ALPES ANNEMASSE
84400 DR PADS APT
65400 DR PYL ARGELES GAZOST
61200 DR NORMANDIE ARGENTAN
19400 DR LIMOUSIN ARGENTAT
36200 DR CVL ARGENTON SUR CREUSE
65240 DR PYL ARREAU
12110 DR NMP AUBIN
71400 DR BOURGOGNE AUTUN
65200 DR PYL BAGNERES DE BIGORRE
10200 DR CHAMPAGNE ARDENNE BAR SUR AUBE
16300 DR POITOU CHARENTES BARBEZIEUX ST HILAIRE
4400 DR PADS BARCELONETTE
72170 DR PDL BEAUMONT SUR SARTHE
1300 DR SIRHO BELLEY
27300 DR NORMANDIE BERNAY
76210 DR NORMANDIE BOLBEC
73700 DR ALPES BOURG ST MAURICE
59400 DR NPDC CAMBRAI
29270 DR BRETAGNE CARHAIX PLOUGUER
84200 DR PADS CARPENTRAS
04120 DR PADS CASTELLANE
19330 DR LIMOUSIN CHAMEYRAT
39300 DR AFC CHAMPAGNOLE
44110 DR PDL CHATEAUBRIANT
28200 DR CVL CHATEAUDUN
67730 DR AFC CHATENOIS
64130 DR PYL CHERAUTE
37500 DR CVL CHINON
49309 DR PDL CHOLET
74300 DR ALPES CLUSES
01550 DR ALPES COLLONGES
14110 DR NORMANDIE CONDE SUR NOIREAU
16500 DR POITOU CHARENTES CONFOLENS
58800 DR BOURGOGNE CORBIGNY
58200 DR BOURGOGNE COSNE COURS SUR LOIRE
26400 DR SIRHO CRESTDans le cadre de la politique mobilité et fidélisation d'ENEDIS V3 du 1/10/2022
et sa note d'application associée V9, la liste des zones déficitaires est établie au
niveau national. Elle permet de définir les zones permettant de déclencher un
CAM Renforcé dans le cadre d'une mobilité géographique éligible l'article 30.

=== Page 2 ===

Sites Déficitaires ENEDIS - MAJ 01/01/2025
Code postal ENTITES CommuneDans le cadre de la politique mobilité et fidélisation d'ENEDIS V3 du 1/10/2022
et sa note d'application associée V9, la liste des zones déficitaires est établie au
niveau national. Elle permet de définir les zones permettant de déclencher un
CAM Renforcé dans le cadre d'une mobilité géographique éligible l'article 30.
58300 DR BOURGOGNE DECIZE
26150 DR SIRHO DIE
57177 DR LORRAINE DIEUZE
04000 DR PADS DIGNE LES BAINS
32800 DR MPS EAUZE
51200 DR CHAMPAGNE ARDENNE EPERNAY
12500 DR NMP ESPALION
11260 DR LARO ESPERAZA
61100 DR NORMANDIE FLERS
48400 DR NMP FLORAC
45500 DR CVL GIEN
46300 DR NMP GOURDON
81300 DR NMP GRAULHET
70100 DR AFC GRAY
23000 DR LIMOUSIN GUERET
05600 DR PADS GUILLESTRE
54310 DR LORRAINE HOMECOURT
36100 DR CVL ISSOUDUN
54240 DR LORRAINE JOEUF
17500 DR POITOU CHARENTES JONZAC
31244 DR MPS JUZET DE LUCHON
61300 DR NORMANDIE L’AIGLE
63150 DR AUVERGNE LA BOURBOULE
72400 DR PDL LA FERTE BERNARD
72200 DR PDL LA FLECHE
46120 DR NMP LACAPELLE MARIVAL
81230 DR NMP LACAUNE
48300 DR AUVERGNE LANGOGNE
69010 DIRECTION NATIONALE (DFP) L'ARBRESLE (LA PEROLLIERE)
9300 DR MPS LAVELANET
7160 DR SIRHO LE CHEYLARD
56360 DR BRETAGNE LE PALAIS
25210 DR AFC LE RUSSEY
30120 DR LARO LE VIGAN
27700 DR NORMANDIE LES ANDELYS
37600 DR CVL LOCHES
39300 DR AFC LONS LE SAULNIER
28500 DR CVL LURAY
70200 DR AFC LURE
47200 DR AQN MARMANDE

=== Page 3 ===

Sites Déficitaires ENEDIS - MAJ 01/01/2025
Code postal ENTITES CommuneDans le cadre de la politique mobilité et fidélisation d'ENEDIS V3 du 1/10/2022
et sa note d'application associée V9, la liste des zones déficitaires est établie au
niveau national. Elle permet de définir les zones permettant de déclencher un
CAM Renforcé dans le cadre d'une mobilité géographique éligible l'article 30.
48100 DR NMP MARVEJOLS
59600 DR NPDC MAUBEUGE
15200 DR AUVERGNE MAURIAC
48000 DR NMP MENDE
12100 DR NMP MILLAU
82200 DR NMP MOISSAC
45200 DR CVL MONTARGIS
24290 DR AQN MONTIGNAC
1340 DR SIRHO MONTREVEL EN BRESSE
40110 DR PYL MORCENX
57340 DR LORRAINE MORHANGE
23140 DR LIMOUSIN MOUTIER ROZEILLE
24400 DR AQN MUSSIDAN
28400 DR CVL NOGENT LE ROTROU
24300 DR AQN NONTRON
68253 DIRECTION NATIONALE (DFP) OTTMARSHEIM
1100 DR SIRHO OYONNAX
71600 DR BOURGOGNE PARAY LE MONIAL
79200 DR POITOU CHARENTES PARTHENAY
74190 DR ALPES PASSY
33250 DR AQN PAUILLAC
25300 DR AFC PONTARLIER
63150 DR AUVERGNE PONTAUMUR
54430 DR LORRAINE REHON
8300 DR CHAMPAGNE ARDENNE RETHEL
10100 DR CHAMPAGNE ARDENNE ROMILLY SUR SEINE
41200 DR CVL ROMORANTIN LANTHENAY
16700 DR POITOU CHARENTES RUFFEC
12400 DR NMP SAINT AFFRIQUE
57400 DR LORRAINE SARREBOURG
49400 DR PDL SAUMUR
04200 DR PADS SISTERON
02200 DR PICARDIE SOISSONS
18200 DR CVL ST AMAND MONTROND
39200 DR AFC ST CLAUDE
63700 DR AUVERGNE ST ELOY LES MINES
53200 DR PDL ST FORT
9200 DR MPS ST GIRONS
73300 DR ALPES ST JEAN DE MAURIENNE
64220 DR PYL ST JEAN PIED DE PORT

=== Page 4 ===

Sites Déficitaires ENEDIS - MAJ 01/01/2025
Code postal ENTITES CommuneDans le cadre de la politique mobilité et fidélisation d'ENEDIS V3 du 1/10/2022
et sa note d'application associée V9, la liste des zones déficitaires est établie au
niveau national. Elle permet de définir les zones permettant de déclencher un
CAM Renforcé dans le cadre d'une mobilité géographique éligible l'article 30.
87200 DR LIMOUSIN ST JUNIEN
61400 DR NORMANDIE ST LANGIS LES MORTAGNE
69210 DR SIRHO ST PIERRE LA PALUD
34220 DR LARO ST PONS DE THOMIERES
38070 DR ALPES/SERVAL ST QUENTIN FALLAVIER
13150 DR PADS TARASCON
64450 DR PYL THEZE
74200 DR ALPES THONON LES BAINS
19200 DR LIMOUSIN USSEL
84138 DR SIRHO VALREAS
41100 DR CVL VENDOME
55100 DR LORRAINE VERDUN
27200 DR NORMANDIE VERNON
70000 DR AFC VESOUL
18100 DR CVL VIERZON
48800 DR LARO VILLEFORT
12200 DR NMP VILLEFRANCHE DE ROUERGUE
39567 DR AFC VILLENEUVE SOUS PYMONT
47300 DR AQN VILLENEUVE SUR LOT
88800 DR LORRAINE VITTEL