=== Page 1 ===

ELECTRICITE DE FRANCE GAZ DE FRANCE N. 89 - 26
PERS. 903
DIRECTION DU PERSONNEL
Manuel Pratique: 185
9 octobre 1989

Objet: Classement des postes de chef de district et de chef d'unité
d'exploitation la Direction de la Distribution
La présente circulaire, prise après avis de la Comm ission supérieure nationale du personnel,
fixe en annexe, le classement des postes de chef de district et de chef d'unité d'exploitation
applicable compter du 1er janvier 1989 et révisab le tous les trois ans compter de cette date,
sauf modifications par suite de changement de struc tures.
Elle rend caduques, compter de la même date, les dispositions de la circulaire Pers. 865 du
27 octobre 1986.
Les titulaires des postes passant un groupe fonct ionnel inférieur conservent leur classement
actuel titre personnel.
Le Directeur Général
d'ELECTRICITE DE FRANCE
Jean BERGOUGNOUX
Le Directeur Général
du GAZ DE FRANCE
Pierre GADONNEIX

=== Page 2 ===

2/32
PERS. 903
ANNEXE
Pers. 903
CLASSEMENT DES POSTES DE CHEF DE DISTRICT ET DE CHE FD'UNITE
D'EXPLOITATION AU 1er JANVIER 1989
G. F.
D. R. LILLE
C. D. Lille
Sub. ARMENTIERES
DM Armentières 12
DM Halluin 12
C. D. Valenciennes
Sub. CAMBRAI
DM Le Cateau 11
DM Caudry 12
DM Cambrai 12
Sub. MAUBEUGE
UE Fourmies 13
DM Avesnes-sur-Helpe 11
Sub. VALENCIENNES
UE Denain 14
DM St-Amand 11
DM Le Quesnoy 11
C. D. Douai
Sub. DOUAI
DE Marquion 11
Sub. SECLIN
DM Seclin 12
DM Don 12
DM Cysoing 11
C. D. Arras
Sub. ARRAS
DM Arras-Urbain 13
DM Arras-Suburbain 12

=== Page 3 ===

3/32
PERS. 903
Sub. HAZEBROUCK
DM Bailleul 12
DM Hazebrouck 12
Sub. HESDIN
DM Hesdin 12
DM St-Pol 11
Sub. SAINT-OMER
DM Aire-sur-Lys 11
DM Bergues 11
DM Lumbres 10
DM St-Omer 12
C. D. Boulogne-sur-Mer
Sub. BERCK
DM Berck 12
DM Le Touquet 12
Sub. BOULOGNE-SUR-MER
DM Desvres 11
G. F.
C. D. Amiens
Sub. ALBERT
DM Albert 12
DM Doullens 10
DM Roye 11
Sub. AMIENS
DE Amiens-Sud 11
Sub. ABBEVILLE
DM Abbeville 12
DM Friville 12
DE Airaines 11
D. R. ROUEN
C. D. Evreux
Sub. LES ANDELYS
DM Les Andelys 12
DM Gisors 11
DM Louviers 12
UE Vernon 13

=== Page 4 ===

4/32
PERS. 903
Sub. BERNAY
DM Bernay 12
DM Brionne 12
DM Pont-Audemer 12
Sub. EVREUX
DM Evreux-Suburbain 12
DM Nonancourt 12
DM Verneuil-sur-Avre 11
DM Evreux-Urbain 12
C. D. Le Havre
Sub. LE HAVRE-NORD
DM Montivilliers 11
Sub. BOLBEC
DM Bolbec 12
DM Lillebonne 11
DM Yvetot 11
Sub. FECAMP
DM Fécamp 12
DM St-Valéry-en-Caux 10
C. D. Caen
Sub. BAYEUX
DM Bayeux 12
DM Villers-Bocage 11
Sub. CONDE-SUR-NOIREAU
DM Condé-sur-Noireau 10
DM Falaise 11
DM Vire 12
Sub. LISIEUX
DM Lisieux 12
DM Livarot 11
G. F.
Sub. TROUVILLE
DM Trouville 13
DM Cabourg 12
DM Honfleur 10
Sub. CAEN
UE Douvres 13
C. D. Cherbourg

=== Page 5 ===

5/32
PERS. 903
Sub. AVRANCHES
DM Avranches 12
DE Mortain 12
DM Granville 12
DE Villedieu 11
Sub. CHERBOURG
DM Cherbourg 13
DM Valognes 12
DE Bricquebec 12
Sub. SAINT-LO
DM St-Lô 12
DM Carentan 10
DE La-Haye-du-Puits 11
DM Coutances 12
C. D. Alençon
Sub. ALENCON
DM Alençon-Urbain 12
DE Alençon-Suburbain 11
DM Argentan 12
Sub. FLERS
DM Flers 12
DM La Ferté-Macé 12
Sub. L'AIGLE
DM L'Aigle 11
DE Bellême 11
DM Mortagne 11
DM Vimoutiers 10
D. R. REIMS
C. D. Saint-Quentin
Sub. SAINT-QUENTIN
UE Chauny 13
Sub. GUISE
DM Guise 11
DM Bohain 11
DM Hirson 11
Sub. LAON
DM Laon 12
DE Voyenne 10

=== Page 6 ===

6/32
PERS. 903
Sub. SOISSONS
DM Soissons 12
DM La Fère-en-Tardenois 10
DM Villers-Cotterets 11
G. F.
C. D. Charleville-Mézières
Sub. SEDAN
DM Sedan 12
DM Carignan 10
Sub. RETHEL
DM Rethel 11
DM Vouziers 11
Sub. CHARLEVILLE-MEZIERES
DM Revin 11
DE Liart 10
DM Givet 10
C. D. Reims
Sub. CHATEAU-THIERRY
DM Château-Thierry 12
DE Dormans 10
DE Montmirail 10
Sub. CHALONS-SUR-MARNE
DM Châlons-sur-Marne-Urbain 12
DM Vitry-le-François 12
DM Ste-Ménéhould 10
DE Châlons-sur-Marne-Rural 11
Sub. EPERNAY
DE Epernay électricité 12
DE Vertus 10
DG Epernay gaz 11
C. D. Troyes
Sub. TROYES-SUBURBAIN
DM Bar-sur-Aube 11
DM Bar-sur-Seine 11
DM Troyes-Suburbain 12
Sub. ROMILLY-SUR-SEINE
DM Romilly-sur-Seine 12
DM Sézanne 11
DM Arcis-sur-Aube 10

=== Page 7 ===

7/32
PERS. 903
D. R. NANCY
C. D. Nancy
Sub. PONT-A-MOUSSON
DM Pont-à-Mousson 12
DM Frouard 12
Sub. NANCY-SUD
DM Laneuveville 12
DM Neuves-Maisons 12
DM Toul 12
Sub. LUNEVILLE
DM Lunéville 12
DM Baccarat 11
C. D. Saint-Dizier
Sub. SAINT-DIZIER
DM St-Dizier 12
DM Joinville 11
G. F.
Sub. CHAUMONT
DM Chaumont 12
DM Langres 12
DM Montigny-le-Roi 11
Sub. BAR-LE-DUC
DM Bar-le-Duc-Urbain 11
DM Ligny-en-Barrois 11
DM Revigny 10
DM Commercy 11
Sub. VERDUN
DM Verdun 12
DM St-Mihiel 11
DM Stenay 10
C. D. Epinal
Sub. EPINAL
DM Epinal 12
DM Thaon-les-Vosges 11
DE Bains-les-Bains 10
Sub. SAINT-DIE
DM St-Dié-Urbain 12

=== Page 8 ===

8/32
PERS. 903
DM St-Dié-Suburbain 11
DM Rambervillers 11
Sub. VITTEL
DM Vittel 11
DM Mirecourt 10
DM Neufchâteau 11
Sub. REMIREMONT
DM Remiremont 12
DM Gérardmer 11
DE Saulxures-sur-Moselotte 11
C. D. Metz
Sub. METZ-CAMPAGNE
DM Boulay 11
DM Monde lange 12
DM Merlebach 12
Sub. SARREBOURG
DM Morhange 12
DM Sarrebourg 12
Sub. SARREGUEMINES
DE Bitche 10
DM Forbach 12
DM Sarreguemines 12
C. D. Thionville
Sub. LONGWY
DM Longwy-Rehon 12
DM Audun-le-Tiche 11
DM Longuyon 10
Sub. JARNY
DM Jarny 11
DM Joeuf 12
G. F.
D. R. MULHOUSE
C. D. Mulhouse-Sélestat
Sub. MULHOUSE-SUBURBAIN
DM Thann 12
DM Altkirch 12
DM Siérentz 11

=== Page 9 ===

9/32
PERS. 903
Sub. COLMAR-SUBURBAIN
DM Guebwiller 12
DE Turckeim 12
DM Munster 10
Sub. SELESTAT
DM Sélestat 11
DM Chatenois 12
DM Saverne 10
DE Marckolsheim 10
DG Haguenau gaz 10
C. D. Montbéliard
Sub. BELFORT
DE Belfort-Ville électricité 12
DE Belfort-Campagne 11
DG Belfort-Ville gaz 12
Sub. MONTBELIARD-SUB.
DM Pont-de-Roide 12
DM Baume-les-Dames 11
DM Delle 11
Sub. VESOUL
DM Vesoul 12
DE Lure 11
DM Luxeuil 11
C. D. Besançon
Sub. DOLE
DE Arbois 11
DE Champagnole 11
DM Dôle 12
Sub. LONS-LE-SAUNIER
DE Lons-le-Saunier-Sud 11
DM Lons-le-Saunier-Nord 12
DM Morez 11
DM St-Claude 12
Sub. PONTARLIER
DE Morteau 11
DM Pontarlier 12
Sub. BESANCON-GRAY
DM Palente 12
DM Gray 12
DM St-Vit 11

=== Page 10 ===

10/32
PERS. 903
D. R. TOURS
C. D. Le Mans
Sub. LE MANS-SUBURBAIN
DM La Ferté-Bernard 12
DM St-Calais 12
DM Mulsanne 12
G. F.
Sub. BEAUMONT-SUR-SARTHE
DM Mamers 10
DM Beaumont-sur-Sarthe 11
DE Sillé-le-Guillaume 10
Sub. LA FLECHE
DM Château-du-Loir 11
DM La Flèche 12
DM Sablé-sur-Sarthe 12
C. D. Laval
Sub. LAVAL
UE Château-Gontier 13
C. D. Angers
Sub. CHOLET
DE Cholet-Urbain électricité 12
DE Cholet-Suburbain 12
DE Chemillé 11
DE St-Pierre-Montlimart 11
DG Cholet-Urbain gaz 11
Sub. SAUMUR
DM Saumur-Urbain 12
DM Saumur-Suburbain 12
DE Baugé 11
DE Doué-la-Fontaine 11
Sub. SEGRE
DM Segré 12
DE Seiches-sur-le-Loir 12
DE St-Georges 11
C. D. Chartres
Sub. CHARTRES
DM Chartres 12

=== Page 11 ===

11/32
PERS. 903
DM Maintenon 12
DE Voves 12
Sub. DREUX
DM Vernouillet 12
DE La Loupe 10
Sub. CHATEAUDUN
DM Châteaudun 12
DM Nogent-le-Rotrou 12
C. D. Orléans
Sub. MONTARGIS
DM Montargis-Urbain 12
DM Montargis-Suburbain 12
DM Gien 12
Sub. ORLEANS-SUBURBAIN
UE Orléans-Sud Loire 14
DM Châteauneuf 12
DM Pithiviers 11
DM Beaugency 12
C. D. Blois
Sub. BLOIS
DM Romorantin 12
DE Neung-sur-Beuvron 11
DM Montrichard 12
G. F.
C. D. Tours
Sub. CHINON
DM Chinon 12
DM Langeais 12
Sub. LOCHES
DM Loches 12
DE Descartes 12
DM Amboise 12
Sub. TOURS-SUD-OUEST
UE Joue-les-Tours 13
Sub. TOURS-NORD-EST
UE Nord Loire 14

=== Page 12 ===

12/32
PERS. 903
UE Saint-Avertin 14
DM Châteaurenault 11
D. R. DIJON
C. D. Chalon-sur-Saône
Sub. CHALON-SUR-SAONE
DE Chalon-Urbain électricité 12
DM Louhans 12
DM Chalon-Suburbain 12
DM Verdun-sur-le-Doubs 10
DG Chalon-Urbain gaz 12
Sub. MACON
DM Cluny 11
UE Mâcon 14
DM Tournus 12
Sub. PARAY-LE-MONIAL
DM Gueugnon 11
DM Bourbon-Lancy 10
DM Paray-le-Monial 12
DM Chauffailles 11
Sub. LE CREUSOT
UE Autun 13
UE Le Creusot 13
UE Montceau-les-Mines 13
C. D. Dijon
Sub. BEAUNE
DM Beaune 12
DE Arnay-le-Duc 11
Sub. DIJON-RURAL
DM Dijon-Banlieue 12
DM Genlis 11
DM Is-sur-Tille 10
DM Auxonne 11
Sub. SEMUR-EN-AUXOIS
DM Semur-en-Auxois 12
DM Montbard 10
DM Châtillon-sur-Seine 11
C. D. Auxerre
Sub. AUXERRE
DM Auxerre 12

=== Page 13 ===

13/32
PERS. 903
DE Toucy 11
DM Avallon 12
G. F.
Sub. JOIGNY
DM Joigny 12
DM Migennes 12
DM Tonnerre 12
C. D. Nevers
Sub. CORBIGNY-MORVAN
DE Corbigny 11
DM Decize 12
DE Château-Chinon 11
Sub. COSNE-SUR-LOIRE
DM Cosne-sur-Loire 12
DM Clamecy 10
DM La Charité-sur-Loire 10
D. R. NANTES
C. D. Nantes
Sub. SAINTE-PAZANNE
DM Ste-Pazanne 12
DM Clisson 12
DM Pornic 12
Sub. NORD-LOIRE
DM Ancenis 12
DM Châteaubriant 12
DM Blain 12
DM Nantes Nord 12
Sub. SUD-LOIRE
UE * Vertou * au 1.2.89 14
UE Rezé 14
Sub. ST-NAZAIRE
DM Pontchâteau 11
DE St-Nazaire électricité 12
DG St-Nazaire gaz 12
UE La Baule 14
DM Guérande 12
C. D. La Roche-sur-Yon

=== Page 14 ===

14/32
PERS. 903
Sub. LA ROCHE-SUR-YON
DM La Roche-sur-Yon-Urbain 12
DM Montaigu 12
DM Chantonnay 12
DE La Roche-sur-Yon-Rural 11
Sub. LES SABLES D'OLONNE
DM Les Sables d'Olonne 12
DM St-Gilles-Croix-de-Vie 12
DM Challans 12
DE Talmont-St-Hilaire 12
Sub. FONTENAY-LE-COMTE
DM Fontenay-le-Comte 12
DM Luçon 12
DM La Chataigneraie 11
C. D. Rennes
Sub. ATALANTE
DM St-Aubin-d'Aubigné 11
G. F.
Sub. RENNES-OUEST
DM Montfort 12
DM Rennes-Suburbain 12
DM Guipry 12
DM Redon 11
Sub. SAINT-MALO
DE St-Malo-Ville électricité 12
DG St-Malo-Ville gaz 11
DM Dol-de-Bretagne 11
DE Combourg 11
DM Dinard 12
Sub. RENNES-SUD
DM Rétiers 12
Sub. FOUGERES
UE Fougères 13
UE Vitré 13
C. D. Saint-Brieuc
Sub. GUINGAMP
DM Guingamp 12
DE Rostrenen 11
DE Callac 10

=== Page 15 ===

15/32
PERS. 903
Sub. LANNION
DM Lannion 12
DE Paimpol 11
DM Tréguier 10
Sub. SAINT-BRIEUC
UE St-Brieuc-Urbain 14
UE St-Brieuc-Suburbain 13
DM Lamballe 12
DM Loudéac 12
Sub. DINAN
DM Dinan 12
DE Plancoêt 12
DM Caulnes 11
C. D. Brest
Sub. MORLAIX
DE Morlaix électricité 12
DM St-Pol-de-Léon 12
DM Carhaix 11
DG Morlaix gaz 10
Sub. BREST-SUBURBAIN
DM Landerneau 12
DM St-Renan 12
DM Lesneven 12
DM Daoulas 11
DE Crozon 10
C. D. Quimper
Sub. QUIMPER
DM Quimper-Rive Droite 12
DM Pont-l'Abbé 12
DM Quimper-Rive Gauche 12
G. F.
Sub. DOUARNENEZ
DM Douarnenez 12
DM Châteaulin 11
DM Audierne 10
Sub. CONCARNEAU
DM Concarneau 12
DM Quimperlé 12
DM Rosporden 11
C. D. Vannes

=== Page 16 ===

16/32
PERS. 903
Sub. VANNES
DM Auray 12
DM Carnac 12
DE Le Palais 10
DM Vannes-Urbain 12
DM Vannes-Suburbain 12
Sub. PLOERMEL
DM Ploermel 12
DM Questembert 12
Sub. PONTIVY
DM Pontivy 12
DE Le Faouet 11
DM Locminé 11
D. R. LIMOGES
C. D. Angoulême
Sub. COGNAC
DM Cognac 12
DM Jarnac 12
DM Barbezieux-Saint-Hilaire 12
Sub. ANGOULEME-SUBURBAIN
DM Ruffec 12
DM Confolens 12
DM Angoulême-Suburbain 12
C. D. La Rochelle
Sub. ROCHEFORT
DM Rochefort 12
DM Tonnay-Charente 11
DM St-Jean-d'Angely 12
DM Surgères 11
Sub. ROYAN
DM Royan-Urbain 12
DM Saujon 12
DM Marennes 12
Sub. SAINTES
DM Saintes-Urbain 12
DE Jonzac 11
DE Matha 11
DM Pons 11
DM Montguyon 10
DE Saintes-Suburbain 11

=== Page 17 ===

17/32
PERS. 903
Sub. LA ROCHELLE
DE Marans 11
DE Ile-de-Ré 10
G. F.
C. D. Poitiers
Sub. NIORT
DM Niort 12
DM St-Maixent 11
DM Parthenay 11
DM Thouars 10
Sub. CHATELLERAULT
DM Châtellerault 12
DM Montmorillon 10
C. D. Limoges
Sub. LIMOGES-SUB.-SUD
DM Feytiat 12
DE Châteauneuf 11
DM St-Léonard 10
DE Oradour-sur-Vayres 10
DE St-Yrieix 10
Sub. LIMOGES-SUB.-NORD
DE Bellac 10
DE Magnac-Laval 10
DE Bessines 10
DM St-Junien 12
D. R. BORDEAUX
C. D. Bordeaux
Sub. LIBOURNE
DM Libourne 12
DM St-André-de-Cubzac 12
DM Castillon 10
Sub. ARCACHON
DM Arcachon 12
DM Facture 12
Sub. LANGON
DM Langon 12
DM Langoiran 11
C. D. Périgueux

=== Page 18 ===

18/32
PERS. 903
Sub. PERIGUEUX
DE Nontron 11
DE Périgueux-Urbain électricité 12
DM Périgueux-Suburbain 12
DM Thiviers 12
DM Ribérac 12
DG Périgueux-Urbain gaz 12
Sub. BERGERAC
DM Bergerac 12
DM Mussidan 11
DM Ste-Foy-la-Grande 11
DM Lalinde 11
Sub. SARLAT
DM Sarlat 12
DE Belvès 11
DM Montignac 12
G. F.
C. D. Agen
Sub. AGEN
DM Le Passage d'Agen 12
DM Nérac - Port Ste-Marie 12
Sub. MARMANDE
DM Marmande 12
DM Casteljaloux 10
DE Miramont 10
DM Tonneins 12
Sub. VILLENEUVE-SUR-LOT
DM Villeneuve-sur-Lot 12
DM Fumel 11
DM Ste-Livrade - Cancon 11
C. D. Bayonne
Sub. BAYONNE-SUBURBAIN
DM Cambo 12
DM St-Jean-Pied-de-Port 10
DM St-Jean-de-Luz 13
DM Capbreton 12
Sub. MONT-DE-MARSAN
DM Mont-de-Marsan-Urbain 12
DE Roquefort 11
DM St-Sever 11

=== Page 19 ===

19/32
PERS. 903
DE Mont-de-Marsan-Rural 11
UE Parentis - La Bouheyre 13
DM Morcenx 11
Sub. ORTHEZ
DM Orthez 11
DE St-Palais 10
DE Mauléon 10
DE Hagetmau 10
Sub. DAX
DM Dax-Urbain 12
DE Dax-Rural 12
DE Soustons 11
DE Tartas 11
C. D. Pau
Sub. PAU-SUBURBAIN
DM Mourenx 12
DE Thèze 12
DM Oloron-Sainte-Marie 12
DE Arudy 10
DM Nay 11
Sub. TARBES-SUD
DM Bagnères-de-Bigorre 12
DM Lourdes 12
DM Argelès-Gazost 11
DE Arreau 11
Sub. TARBES-NORD
DE Lannemezan 10
DE Maubourguet 10
G. F.
D. R. CLERMONT-FERRAND
C. D. Clermont-Ferrand
Sub. THIERS
DM Thiers 12
DM Lezoux 11
DM Ambert 12
Sub. ISSOIRE
DM Issoire 12
DM Champeix 11

=== Page 20 ===

20/32
PERS. 903
Sub. RIOM
DM Riom 12
DM Aigueperses 11
DM Pontaumur 12
Sub. SAINT-FLOUR
DM St-Flour 11
DM Neussargues 11
C. D. Montluçon
Sub. AUBUSSON
DM Aubusson 11
DE Bourganeuf 10
DE Auzances 10
Sub. GUERET
DM Guéret 12
DM La Souterraine 11
DE Evaux-les-Bains 10
DE Boussac 10
Sub. MONTLUCON
DE Montluçon-Urbain électricité 12
DE Montluçon-Nord 11
DM Commentry 12
DM St-Eloy-les-Mines 10
DG Montluçon-Urbain gaz 12
C. D. Moulins-Vichy
Sub. MOULINS
DM Moulins-Ville 12
DE Moulins-Extérieur 11
DM Bourbon-l'Archambault 10
DE Cosne-d'Allier 10
DE Dompierre-sur-Besbre 10
Sub. VICHY
DM Vichy-Urbain 12
DM Vichy-Extérieur 11
DE Lapalisse 10
DM Gannat 11
DM St-Pourçain-sur-Sioule 11
C. D. Tulle
Sub. TULLE
DM Tulle 12
DE Uzerche 11
DE Argentat 11

=== Page 21 ===

21/32
PERS. 903
Sub. BRIVE
DE Objat 11
G. F.
Sub. AURILLAC
DM Aurillac-Urbain 12
DE Aurillac-Suburbain 11
DM Maurs 10
Sub. USSEL
DE Ussel 11
DE Egletons 11
DE La Bourboule 11
Sub. MAURIAC
DM Mauriac 11
DE Riom-ès-Montagnes 11
C. D. Châteauroux
Sub. ARGENTON-SUR-CREUSE
DM Le Blanc 11
DM Argenton 12
DE La Châtre 11
Sub. CHATEAUROUX
DE Châteauroux électricité 12
DM Buzançais 11
DG Châteauroux gaz 12
Sub. ISSOUDUN
DM Issoudun 12
DE Valençay 11
C. D. Bourges
Sub. BOURGES
DE Sancerre 11
Sub. ST-AMAND-MONTROND
DM St-Amand 12
DE Nérondes 12
Sub. VIERZON
DM Vierzon 12
DE Aubigny-sur-Nère 11
C. D. Le Puy

=== Page 22 ===

22/32
PERS. 903
Sub. LE PUY
DM Langogne 11
DM Le Puy-Urbain 12
DE Le Puy-Rural 11
Sub. MONISTROL-SUR-LOIRE
DM Monistrol-sur-Loire 11
DE Dunières 10
DM Yssingeaux 12
Sub. BRIOUDE
DM Brioude 12
DE Langeac 10
DE Craponne 10
D. R. LYON
C. D. Grenoble
Sub. BOURGOIN-JALLIEU
DM Bourgoin 12
DM La Côte-St-André 11
DM Morestel 12
DM La Tour-du-Pin 11
G. F.
Sub. GRENOBLE-MONTAGNE
DM Vizille 12
DE Monestier 10
DE Bourg-d'Oisan 12
DE La Mure 10
DE Grésivaudan 11
DE Vercors 11
Sub. VOIRON
DM Voiron 12
DM Les Echelles 10
DE St-Marcellin 11
DE Pont-de-Beauvoisin 11
DM Tullins 11
C. D. Vienne
Sub. ANNONAY
DM Annonay 12
DM Roussillon 12
Sub. RIVE-DE-GIER
DM Rive-de-Gier 12
DM Givors 12

=== Page 23 ===

23/32
PERS. 903
Sub. TARARE-L'ARBRESLE
DM L'Arbresle 11
DM Tarare 11
DE Ste-Foy-l'Argentière 10
DM Craponne 12
Sub. VIENNE
DM Vienne-Urbain 12
DM Vienne-Rural 11
DM Heyrieux 12
DM Pont-de-Chéruy 12
C. D. Annecy
Sub. ANNECY
DE Annecy-Urbain électricité 12
DE Annecy-Rural 12
DE Rumilly 10
DG Annecy-Urbain gaz 12
Sub. ANNEMASSE
DM Annemasse 12
DE St-Jeoire 11
DM La Roche-sur-Foron 11
Sub. BELLEGARDE
DE Bellegarde 11
DE Gex 12
DE St-Julien 11
Sub. CLUSES
DM Cluses 12
DE Chamonix 11
DE Megève 12
Sub. THONON-LES-BAINS
DE Thonon-Suburbain 12
DM Thonon-Urbain 12
DE Morzine 11
G. F.
C. D. Chambéry
Sub. CHAMBERY
DM Chambéry 12
DM Barberaz 12
DM Montmélian 12

=== Page 24 ===

24/32
PERS. 903
Sub. AIX-LES-BAINS
DM Aix-les-Bains 12
DE Yenne 10
Sub. ALBERTVILLE
DM Albertville 12
DE Bourg-St-Maurice 12
DE Modane 10
DE Moutiers 12
DE St-Jean-de-Maurienne 11
C. D. Valence
Sub. LE TEIL
DM Privas 10
DE Labégude 12
DM La Voulte 11
DE Le Cheylard 10
DE Lamastre 10
Sub. MONTELIMAR
DM Montélimar-Urbain 12
DE Montélimar-Suburbain 12
DM Valréas 12
DM Pierrelatte 12
Sub. CREST
DM Crest 11
DE Die 10
DM Romans-Suburbain 12
DM Romans-Urbain 12
DM St-Vallier 12
Sub. VALENCE
DM Tournon 12
C. D. Saint-Etienne
Sub. ROANNE
DM Charlieu 11
DM Roanne-Suburbain 11
DM Thisy 11
Sub. ST-ETIENNE-SUBURBAIN
DE St-Bonnet-le-Château 10
DM St-Chamond 12
DM St-Etienne-Suburbain 12
UE Firminy 14

=== Page 25 ===

25/32
PERS. 903
Sub. FEURS
DM Boën-sur-Lignon 11
DM Chazelles-sur-Lyon 11
DM Feurs 11
DM Montbrison 12
C. D. Bourg-en-Bresse
Sub. VILLEFRANCHE-S-SAONE
DM Villefranche-Urbain 12
DM Villefranche-Rural 12
DM Belleville-sur-Saône 11
DM Neuville-sur-Saône 12
G. F.
Sub. AMBERIEU-EN-BUGEY
DM Ambérieu-en-Bugey 12
DE L'Albarine 11
DM Belley 11
DM Miribel 11
Sub. BOURG-EN-BRESSE
DM Bourg-Urbain 12
DE Bourg-Rural 12
DE Montrevel 12
DM Thoissey 11
DE Oyonnax 12
D. R. ILE-DE-FRANCE OUEST
C. D. Cergy-Pontoise
Sub. BEAUVAIS
UE Beauvais 14
DM Méru 12
DM Chaumont-en-Vexin 10
DE Grandvilliers 11
Sub. PONTOISE
UE Pontoise 14
DM Chars 11
UE Beaumont-sur-Oise 13
UE Taverny 13
Sub. CHANTILLY
UE Creil 14
UE Ecouen 14
UE Chantilly 14

=== Page 26 ===

26/32
PERS. 903
Sub. COMPIEGNE
DM Compiègne 13
DM Noyon 11
DM St-Just-en-Chaussée 11
Sub. MANTES-LA-JOLIE - MAGNANVILLE
DM Bonnières 11
UE Mantes - Magnanville 14
UE Les Mureaux 14
D. R. ILE-DE-FRANCE EST
C. D. Melun
Sub. MELUN
DM Fontainebleau 12
DM Melun-Suburbain 13
UE Melun-Urbain 14
Sub. MONTEREAU
DM Montereau 12
DM Nemours 12
Sub. MEAUX
DM La Ferté-sous-Jouarre 12
DM Meaux-Urbain 12
DM Meaux-Suburbain 12
G. F.
Sub. NANGIS
DM Nangis 12
DM Coulommiers 12
DM Brie-Comte-Robert 13
DM Provins 12
Sub. CROISSY-BEAUBOURG
UE Claye-Souilly 14
UE Marne-la-Vallée 14
C. D. Evry
Sub. ETAMPES
DM Etampes 12
DM Dourdan 12
D. R. TOULOUSE
C. D. Toulouse-Nord

=== Page 27 ===

27/32
PERS. 903
Sub. ALBI
DM Albi-Urbain 12
DE Albi-Suburbain 12
DM Gaillac 11
DE Graulhet 10
DE Rabastens 10
Sub. CASTELSARRASIN
DM Castelsarrasin 12
DE Grisolles 12
DM Valence-d'Agen 11
Sub. CASTRES
DM Castres 12
DE Puylaurens 11
DE Roquecourbe 10
Sub. MAZAMET
DM Mazamet-Urbain 11
DE Mazamet-Rural 11
DE Lacaune 10
DM Revel 10
Sub. MONTAUBAN
DE Caussade 11
DE Négrepelisse 11
DM Montauban 12
Sub. TOULOUSE-RURAL
DM Grenade 12
DM Villefranche-de-Lauragais 12
DM Villemur 12
C. D. Toulouse-Sud
Sub. AUCH-NORD
DM Condom 10
DE Eauze 11
DE Fleurance 11
DM Riscle-Nogaro 11
DE Vic-Fezensac 10
Sub. AUCH-SUD
DM Auch 12
DM Gimont 11
DM Mirande 11
G. F.
Sub. MURET
DM Auterive 12

=== Page 28 ===

28/32
PERS. 903
DM Carbonne 12
DM Muret 12
DE Isle-en-Dodon 11
Sub. FOIX
DE Ax-les-Thermes 10
DM Foix 12
DE Lavelanet 11
DM Pamiers 12
DE Mas-d'Azil 10
UE St-Girons 13
Sub. SAINT-GAUDENS
DM Luchon 11
DM Montréjeau 11
DM St-Gaudens 12
DM Salies-du-Salat 10
C. D. Cahors
Sub. CAHORS
DM Cahors 12
DE Luzech 11
DE Gourdon 11
Sub. FIGEAC
DM Figeac 11
DE Lacapelle-Marival 10
DE St-Céré 11
DE Souillac 10
C. D. Rodez
Sub. DECAZEVILLE
DM Decazeville 12
DM Villefranche-de-Rouergue 12
DE Rieupeyroux 10
Sub. MENDE
DE Mende 11
DE Florac 11
DE Marvejols 10
DE St-Chély-d'Apcher 10
Sub. MILLAU
DM Millau-Urbain 11
DM St-Affrique 12
DE Millau-Rural 11
Sub. RODEZ
UE Rodez 13

=== Page 29 ===

29/32
PERS. 903
DE Espalion 11
DE Laissac 11
DE Ste-Geneviève-sur-Arge 10
DE Cassagnes-Bégonhès 10
D. R. MONTPELLIER
C. D. Carcassonne
Sub. CARCASSONNE
DM Carcassonne-Urbain 12
DM Carcassonne-Rural 11
DM Castelnaudary 11
DM Bram 10
DE Rieux-Minervois 10
G. F.
Sub. NARBONNE
DM Lézignan-Corbières 11
DM Sigean 12
DE Sallèles d'Aude 11
Sub. LIMOUX
DM Limoux 11
DE Axat 10
DE Espéraza 10
C. D. Perpignan
Sub. PRADES
DE Prades 11
DE Odeillo 12
DE St-Paul-de-Fenouillet 10
Sub. THUIR
DM Thuir 12
DM Elne 12
DM Céret 11
DM Port-Vendres 12
UE Rivesaltes 13
C. D. Béziers-Montpellier
Sub. BEDARIEUX
DM Bédarieux 11
DM Clermont-l'Hérault 11
DE St-Pons 10
DM Lodève 10

=== Page 30 ===

30/32
PERS. 903
Sub. MONTPELLIER-SUBURB.
UE Castelnau-le-Lez 13
UE Lunel 13
Sub. SETE
DM Sète 12
DM Frontignan 12
DM Pézenas 11
UE Agde 14
C. D. Nimes
Sub. ALES
DM Alès 12
DE Anduze 12
DE St-Ambroix 11
DE Joyeuse 12
DE La Grand-Combe 10
Sub. BEAUCAIRE
DM Beaucaire 12
DM Bagnols-sur-Cèze 12
DM Uzès 11
Sub. SOMMIERES
DM Sommières 11
DM Le Vigan 11
DM Vauvert 13
Sub. NIMES
UE Caissargues 13
G. F.
D. R. MARSEILLE
C. D. Marseille-Provence
Sub. MARIGNANE
DM Marignane 12
UE Vitrolles 14
DM Martigues 12
Sub. AUBAGNE
DM Aubagne 13
DM La Ciotat 12
DM Gardanne-Trets 12
Sub. MANOSQUE
DM Manosque 12
DM Pertuis 12

=== Page 31 ===

31/32
PERS. 903
Sub. SALON-DE-PROVENCE
UE Salon-de-Provence 13
UE Istres 14
C. D. Toulon
Sub. LA SEYNE
DM La Seyne 12
DM Sanary 12
DM Le Castelet 12
Sub. HYERES
DM Hyères 13
DM Solliès-Pont 12
DM Le Lavandou 12
Sub. BRIGNOLES
DM Brignoles 12
DE St-Maximin 12
DE Vidauban 11
G. F.
Sub. SAINT-RAPHAEL
UE St-Raphaël 14
UE Draguignan 14
UE M St-Tropez 14
C. D. Nice
Sub. MENTON
DM Menton 12
DM Beausoleil 11
DM Villefranche-sur-Mer 12
DE Breil-Sospel 10
Sub. NICE-VALLEES
DM Vallées-du-Paillon 12
DM Plan-du-Var 12
DE Puget - Théniers - Annot 11
C. D. Gap
Sub. DIGNE
DM Digne 12
DE Sisteron 11
DE Castellane 11
Sub. EMBRUN
DM Barcelonnette 12

=== Page 32 ===

32/32
PERS. 903
DE Embrun 11
DE Guillestre 12
Sub. GAP
DM Gap 12
DE St-Bonnet 11
DE Veynes 10
DE Laragne - Montéglin 11
G. F.
C. D. Corse
Sub. AJACCIO
DM Ajaccio-Urbain 13
DE Ajaccio-Rural 11
DE Propriano 11
DE Porto-Vecchio 11
Sub. BASTIA
DE Cargèse 10
DM Bastia-Urbain 12
DE Bastia-Rural 12
DE Calvi 11
DE Corté 11
DE Ghisonaccia 11
C. D. Avignon
Sub. AVIGNON
DM Avignon-Urbain 13
DM Avignon-Rural 12
Sub. ARLES
DM Arles-Urbain 12
DM Arles-Rural 12
DM Châteaurenard 12
DM Tarascon 11
Sub. CAVAILLON
DM Cavaillon 12
DM Apt 12
Sub. ORANGE
DM Orange 12
DM Bollène 11
DM Carpentras 13